matchday,date,home,away,home goals,away goals,home xG,away xG
1,2025-08-16,Kingsport Athletic,Port Saline,5,0,3.1,0.8
1,2025-08-16,Harbor City,Dynamo Kestrel,2,1,2.1,0.6
1,2025-08-16,Union Lindenau,FC Ostmark,2,2,1.2,1.7
1,2025-08-16,Sporting Alba,Real Valmonte,0,1,0.4,1.0
1,2025-08-16,Riverside Rovers,Northbridge FC,1,3,0.9,2.4
2,2025-08-30,Dynamo Kestrel,Kingsport Athletic,1,4,1.1,2.5
2,2025-08-30,Union Lindenau,Port Saline,1,3,0.8,1.5
2,2025-08-30,Harbor City,Real Valmonte,4,0,3.1,0.7
2,2025-08-30,Riverside Rovers,FC Ostmark,1,2,1.1,2.2
2,2025-08-30,Sporting Alba,Northbridge FC,1,2,0.8,2.3
3,2025-09-13,Kingsport Athletic,Union Lindenau,1,0,1.0,0.9
3,2025-09-13,Dynamo Kestrel,Real Valmonte,0,4,0.8,2.9
3,2025-09-13,Riverside Rovers,Port Saline,1,0,1.2,0.6
3,2025-09-13,Harbor City,Northbridge FC,0,0,1.2,1.0
3,2025-09-13,Sporting Alba,FC Ostmark,1,0,1.2,0.5
4,2025-09-27,Real Valmonte,Kingsport Athletic,3,0,2.5,0.8
4,2025-09-27,Riverside Rovers,Union Lindenau,1,0,1.1,0.6
4,2025-09-27,Dynamo Kestrel,Northbridge FC,1,1,0.9,1.6
4,2025-09-27,Sporting Alba,Port Saline,2,1,1.6,0.7
4,2025-09-27,Harbor City,FC Ostmark,2,1,1.4,1.1
5,2025-10-11,Kingsport Athletic,Riverside Rovers,3,2,2.6,1.7
5,2025-10-11,Real Valmonte,Northbridge FC,1,2,1.3,1.6
5,2025-10-11,Sporting Alba,Union Lindenau,1,0,0.8,0.6
5,2025-10-11,Dynamo Kestrel,FC Ostmark,1,2,1.0,1.8
5,2025-10-11,Harbor City,Port Saline,2,2,1.8,1.6
6,2025-10-25,Northbridge FC,Kingsport Athletic,1,0,1.6,0.5
6,2025-10-25,Sporting Alba,Riverside Rovers,3,2,1.8,1.3
6,2025-10-25,Real Valmonte,FC Ostmark,2,1,1.8,1.4
6,2025-10-25,Harbor City,Union Lindenau,2,1,1.5,1.1
6,2025-10-25,Dynamo Kestrel,Port Saline,3,2,1.4,1.5
7,2025-11-08,Kingsport Athletic,Sporting Alba,1,1,1.6,1.5
7,2025-11-08,Northbridge FC,FC Ostmark,5,1,3.5,1.2
7,2025-11-08,Harbor City,Riverside Rovers,0,0,1.1,0.9
7,2025-11-08,Real Valmonte,Port Saline,3,1,2.3,1.1
7,2025-11-08,Dynamo Kestrel,Union Lindenau,0,4,0.5,2.1
8,2025-11-22,FC Ostmark,Kingsport Athletic,1,1,1.3,0.9
8,2025-11-22,Harbor City,Sporting Alba,2,1,2.0,1.0
8,2025-11-22,Northbridge FC,Port Saline,4,0,3.3,0.5
8,2025-11-22,Dynamo Kestrel,Riverside Rovers,0,2,0.6,1.3
8,2025-11-22,Real Valmonte,Union Lindenau,2,0,2.3,0.9
9,2025-12-06,Kingsport Athletic,Harbor City,0,1,0.8,1.0
9,2025-12-06,FC Ostmark,Port Saline,1,1,1.5,0.7
9,2025-12-06,Dynamo Kestrel,Sporting Alba,0,4,0.4,2.3
9,2025-12-06,Northbridge FC,Union Lindenau,1,2,1.3,1.1
9,2025-12-06,Real Valmonte,Riverside Rovers,1,0,1.6,0.9
10,2026-01-24,Port Saline,Kingsport Athletic,0,0,0.8,0.9
10,2026-01-24,Dynamo Kestrel,Harbor City,0,0,0.4,1.1
10,2026-01-24,FC Ostmark,Union Lindenau,1,1,1.8,0.8
10,2026-01-24,Real Valmonte,Sporting Alba,1,1,1.6,1.5
10,2026-01-24,Northbridge FC,Riverside Rovers,4,0,3.0,0.8
11,2026-02-07,Kingsport Athletic,Dynamo Kestrel,2,1,2.0,1.0
11,2026-02-07,Port Saline,Union Lindenau,1,1,1.0,1.1
11,2026-02-07,Real Valmonte,Harbor City,3,4,2.5,3.1
11,2026-02-07,FC Ostmark,Riverside Rovers,2,0,2.1,0.7
11,2026-02-07,Northbridge FC,Sporting Alba,2,1,1.9,1.0
12,2026-02-21,Union Lindenau,Kingsport Athletic,2,3,1.4,2.1
12,2026-02-21,Real Valmonte,Dynamo Kestrel,3,0,2.4,0.9
12,2026-02-21,Port Saline,Riverside Rovers,0,0,0.9,0.9
12,2026-02-21,Northbridge FC,Harbor City,1,0,1.1,1.1
12,2026-02-21,FC Ostmark,Sporting Alba,0,0,0.9,0.6
13,2026-03-07,Kingsport Athletic,Real Valmonte,1,1,0.9,1.7
13,2026-03-07,Union Lindenau,Riverside Rovers,0,2,0.9,1.8
13,2026-03-07,Northbridge FC,Dynamo Kestrel,3,0,3.1,0.6
13,2026-03-07,Port Saline,Sporting Alba,0,2,0.5,1.9
13,2026-03-07,FC Ostmark,Harbor City,0,1,0.5,1.2
14,2026-03-21,Riverside Rovers,Kingsport Athletic,1,2,1.0,1.4
14,2026-03-21,Northbridge FC,Real Valmonte,1,1,2.0,1.9
14,2026-03-21,Union Lindenau,Sporting Alba,3,1,1.5,0.8
14,2026-03-21,FC Ostmark,Dynamo Kestrel,3,2,2.7,1.3
14,2026-03-21,Port Saline,Harbor City,1,3,1.2,2.5
15,2026-04-04,Kingsport Athletic,Northbridge FC,1,2,1.3,1.7
15,2026-04-04,Riverside Rovers,Sporting Alba,2,2,2.0,1.9
15,2026-04-04,FC Ostmark,Real Valmonte,2,2,1.5,2.3
15,2026-04-04,Union Lindenau,Harbor City,0,4,0.4,2.5
15,2026-04-04,Port Saline,Dynamo Kestrel,3,0,2.0,0.4
16,2026-04-18,Sporting Alba,Kingsport Athletic,1,2,1.0,2.1
16,2026-04-18,FC Ostmark,Northbridge FC,3,1,2.3,1.4
16,2026-04-18,Riverside Rovers,Harbor City,3,4,2.4,3.0
16,2026-04-18,Port Saline,Real Valmonte,1,3,1.2,2.8
16,2026-04-18,Union Lindenau,Dynamo Kestrel,1,0,1.0,0.5
17,2026-05-02,Kingsport Athletic,FC Ostmark,1,3,1.3,2.2
17,2026-05-02,Sporting Alba,Harbor City,1,4,1.0,2.5
17,2026-05-02,Port Saline,Northbridge FC,0,4,0.7,3.1
17,2026-05-02,Riverside Rovers,Dynamo Kestrel,3,1,2.1,0.9
17,2026-05-02,Union Lindenau,Real Valmonte,1,2,1.0,2.1
18,2026-05-16,Harbor City,Kingsport Athletic,1,2,1.7,1.4
18,2026-05-16,Port Saline,FC Ostmark,0,1,0.6,1.1
18,2026-05-16,Sporting Alba,Dynamo Kestrel,1,1,1.5,0.9
18,2026-05-16,Union Lindenau,Northbridge FC,1,3,1.1,2.5
18,2026-05-16,Riverside Rovers,Real Valmonte,0,0,1.0,1.0
