beat,instrument,note,beats
0,kick,,0.5
0,bass,A1,0.4
0,pad,A3,4
0,pad,C4,4
0,pad,E4,4
0,lead,A4,0.4
0.5,hat,,0.125
0.5,bass,A1,0.4
0.5,lead,C5,0.4
1,kick,,0.5
1,snare,,0.25
1,bass,A2,0.4
1,lead,E5,0.4
1.5,hat,,0.125
1.5,bass,A1,0.4
1.5,lead,A5,0.4
2,kick,,0.5
2,bass,A1,0.4
2,lead,E5,0.4
2.5,hat,,0.125
2.5,bass,A2,0.4
2.5,lead,C5,0.4
3,kick,,0.5
3,snare,,0.25
3,bass,A1,0.4
3,lead,E5,0.4
3.5,hat,,0.125
3.5,bass,E2,0.4
3.5,lead,C5,0.4
4,kick,,0.5
4,bass,F1,0.4
4,pad,F3,4
4,pad,A3,4
4,pad,C4,4
4,lead,F4,0.4
4.5,hat,,0.125
4.5,bass,F1,0.4
4.5,lead,A4,0.4
5,kick,,0.5
5,snare,,0.25
5,bass,F2,0.4
5,lead,C5,0.4
5.5,hat,,0.125
5.5,bass,F1,0.4
5.5,lead,F5,0.4
6,kick,,0.5
6,bass,F1,0.4
6,lead,C5,0.4
6.5,hat,,0.125
6.5,bass,F2,0.4
6.5,lead,A4,0.4
7,kick,,0.5
7,snare,,0.25
7,bass,F1,0.4
7,lead,C5,0.4
7.5,hat,,0.125
7.5,bass,C2,0.4
7.5,lead,A4,0.4
8,kick,,0.5
8,bass,C2,0.4
8,pad,G3,4
8,pad,C4,4
8,pad,E4,4
8,lead,G4,0.4
8.5,hat,,0.125
8.5,bass,C2,0.4
8.5,lead,C5,0.4
9,kick,,0.5
9,snare,,0.25
9,bass,C3,0.4
9,lead,E5,0.4
9.5,hat,,0.125
9.5,bass,C2,0.4
9.5,lead,G5,0.4
10,kick,,0.5
10,bass,C2,0.4
10,lead,E5,0.4
10.5,hat,,0.125
10.5,bass,C3,0.4
10.5,lead,C5,0.4
11,kick,,0.5
11,snare,,0.25
11,bass,C2,0.4
11,lead,E5,0.4
11.5,hat,,0.125
11.5,bass,G2,0.4
11.5,lead,C5,0.4
12,kick,,0.5
12,bass,G1,0.4
12,pad,G3,4
12,pad,B3,4
12,pad,D4,4
12,lead,G4,0.4
12.5,hat,,0.125
12.5,bass,G1,0.4
12.5,lead,B4,0.4
13,kick,,0.5
13,snare,,0.25
13,bass,G2,0.4
13,lead,D5,0.4
13.5,hat,,0.125
13.5,bass,G1,0.4
13.5,lead,G5,0.4
14,kick,,0.5
14,bass,G1,0.4
14,lead,D5,0.4
14.5,hat,,0.125
14.5,bass,G2,0.4
14.5,lead,B4,0.4
15,kick,,0.5
15,snare,,0.25
15,bass,G1,0.4
15,lead,D5,0.4
15.5,hat,,0.125
15.5,bass,D2,0.4
15.5,lead,B4,0.4
15.75,hat,,0.125
